question,category,yes,no,pollster,dates,link,net
"Pardoning people convicted of violent crimes related to the Jan. 6, 2021, Capitol riot",Crime,14,83,Ipsos/Washington Post,Feb. 13 - 18 ,https://docs.google.com/spreadsheets/d/1kdcXmy8B1zajwnb6KUbZ-KxUixlTPoTY3Bg_Bfld0h0/edit?gid=0#gid=0,-69
Ending requirements that government employees report gifts or investments,Executive,20,77,Ipsos,Jan. 24 - 26,https://www.ipsos.com/sites/default/files/ct/news/documents/2025-01/Ipsos%20Poll%20on%20New%20Executive%20Orders%20Topline%20January%202025.pdf,-57
"Tax employee-provided benefits, such as health coverage",Health care,14,68,YouGov/The Economist,Feb. 16 - 18,https://d3nkl3psvxxpe9.cloudfront.net/documents/econtoplines_KfNmvTk.pdf,-54
Abolishing the Occupational Safety and Health Administration (OSHA),Labor,16,67,YouGov,Feb. 9 - 11,https://d3nkl3psvxxpe9.cloudfront.net/documents/econtoplines_Z51qCJt.pdf,-51
"Do you approve or disapprove of Donald Trump pardoning people who were convicted of violent crimes related to the events at the U.S. Capitol on January 6, 2021?",Crime,25,74,Pew Research Center,Jan. 27 - Feb. 2,https://www.pewresearch.org/wp-content/uploads/sites/20/2025/02/PP_2024.7.2_views-of-trump_topline.pdf,-49
Ending a free online tax filing system run by the IRS,IRS,15,63,YouGov,Feb. 9 - 11,https://d3nkl3psvxxpe9.cloudfront.net/documents/econtoplines_Z51qCJt.pdf,-48
 Renaming the ''Gulf of Mexico'' to the ''Gulf of America'',Other,25,70,Ipsos,Jan. 24 - 26,https://www.ipsos.com/sites/default/files/ct/news/documents/2025-01/Ipsos%20Poll%20on%20New%20Executive%20Orders%20Topline%20January%202025.pdf,-45
Deport undocumented immigrant who arrived in the U.S. as children,Immigration,26,70,Ipsos/Washington Post,Feb. 13 - 18 ,https://docs.google.com/spreadsheets/d/1kdcXmy8B1zajwnb6KUbZ-KxUixlTPoTY3Bg_Bfld0h0/edit?gid=0#gid=0,-44
A U.S. government takeover of Gaza that invovles resettling Palestinians,Foreign policy,25,68,Ipsos,Feb. 13 - 18,https://pro.x.com/PollTracker2024/status/1893650974121558399/photo/1,-43
Blocking federal health agencies from communicating with the public without approval from a Trump appointee,Executive,25,68,Ipsos/Washington Post,Feb. 13 - 18 ,https://docs.google.com/spreadsheets/d/1kdcXmy8B1zajwnb6KUbZ-KxUixlTPoTY3Bg_Bfld0h0/edit?gid=0#gid=0,-43
Support the U.S. seeking ownership of Gaza,Foreign policy,16,59,YouGov/The Economist,Feb. 16 - 18,https://d3nkl3psvxxpe9.cloudfront.net/documents/econtoplines_KfNmvTk.pdf,-43
President Trump’s executive order instructing the Secretary of the Interior to rename the Gulf of Mexico as the Gulf of America,Other,29,71,Marquette University Law School,Jan. 27 - Feb. 5,https://law.marquette.edu/poll/wp-content/uploads/2025/02/MLSPSC24Toplines_NationalIssues.html,-42
President Trump's proposal for the United States to take control of Gaza?,Foreign policy,22,62,Quinnipiac University,Feb. 13 - 17,https://poll.qu.edu/images/polling/us/us02192025_urxu99.pdf,-40
The U.S. owning the gaza strip,Foreign policy,18,58,Emerson College,Feb. 15 - 17,https://emersoncollegepolling.com/february-2025-national-poll-trump-presidential-approval-at-48-musk-doge-job-approval-at-41/,-40
Support the U.S. seeking ownership of Canada,Foreign policy,20,59,YouGov/The Economist,Feb. 16 - 18,https://d3nkl3psvxxpe9.cloudfront.net/documents/econtoplines_KfNmvTk.pdf,-39
Support the U.S. seeking ownership of Gaza,Foreign policy,23,62,Data for Progress,Feb. 8 - 9,https://www.dataforprogress.org/blog/2025/2/12/voters-strongly-oppose-trumps-plan-to-take-over-and-own-gaza,-39
Dropping federal corruption charges against New York City Mayor Eric Adams,Crime,16,54,YouGov,Feb. 11 - 14,https://d3nkl3psvxxpe9.cloudfront.net/documents/Policy_Support_poll_results.pdf,-38
Pardoning former Illinois Governor Rod Blagojevich for corruption,Crime,17,55,YouGov,Feb. 11 - 14,https://d3nkl3psvxxpe9.cloudfront.net/documents/Policy_Support_poll_results.pdf,-38
Deport undocumented immigrant who have lived in the U.S. for more than 10 years,Immigration,30,67,Ipsos/Washington Post,Feb. 13 - 18 ,https://docs.google.com/spreadsheets/d/1kdcXmy8B1zajwnb6KUbZ-KxUixlTPoTY3Bg_Bfld0h0/edit?gid=0#gid=0,-37
Deport undocumented immigrant who are parents of U.S. citizens by birth,Immigration,30,66,Ipsos/Washington Post,Feb. 13 - 18 ,https://docs.google.com/spreadsheets/d/1kdcXmy8B1zajwnb6KUbZ-KxUixlTPoTY3Bg_Bfld0h0/edit?gid=0#gid=0,-36
Cutting funding for the National Institutes of Health (NIH),Health care,24,59,YouGov,Feb. 11 - 14,https://d3nkl3psvxxpe9.cloudfront.net/documents/Policy_Support_poll_results.pdf,-35
e the U.S. taking ownership of Gaza?,Foreign policy,19,54,YouGov,Feb. 9 - 11,https://d3nkl3psvxxpe9.cloudfront.net/documents/econtoplines_Z51qCJt.pdf,-35
Placing fewer restrictions around how AI systems are developed and used,AI,30,65,Ipsos,Jan. 31 - Feb. 2,https://www.ipsos.com/sites/default/files/ct/news/documents/2025-02/Reuters%20Ipsos%20Poll%20on%20Executive%20Orders%20February%202025.pdf,-35
Renaming the Gulf of Mexico to the Gulf of America,Other,30,65,Ipsos,Feb. 13 - 18,https://pro.x.com/PollTracker2024/status/1893650974121558399/photo/1,-35
Shutting down the Spanish-language version of the White House website,Executive,28,62,Data for Progress,Feb. 8 - 12,https://www.dataforprogress.org/blog/2025/2/12/voters-strongly-oppose-trumps-plan-to-take-over-and-own-gaza,-34
Support the U.S. seeking ownership of Canada,Foreign policy,27,61,Data for Progress,Feb. 8 - 9,https://www.dataforprogress.org/blog/2025/2/12/voters-strongly-oppose-trumps-plan-to-take-over-and-own-gaza,-34
Imposing a 25 percent tariff on most products from Canada,Trade,31,64,Ipsos/Washington Post,Feb. 13 - 18 ,https://docs.google.com/spreadsheets/d/1kdcXmy8B1zajwnb6KUbZ-KxUixlTPoTY3Bg_Bfld0h0/edit?gid=0#gid=0,-33
"Removing all mentions of ""climate change"" from the U.S. Department of Agriculture (USDA) website",Executive,29,62,Data for Progress,Feb. 8 - 10,https://www.dataforprogress.org/blog/2025/2/12/voters-strongly-oppose-trumps-plan-to-take-over-and-own-gaza,-33
Drop federal corruption charges against New York City Mayor Eric Adams,Crime,18,50,YouGov/The Economist,Feb. 16 - 18,https://d3nkl3psvxxpe9.cloudfront.net/documents/econtoplines_KfNmvTk.pdf,-32
"Blocking spending that Congress has approved for all government grants, including those for Medicare, food banks, and loans for farmers.",DOGE/Funding,30,61,Clarity Campaign Labs,Jan. 31 -  Feb. 6,https://static1.squarespace.com/static/61ae8d5e55be5c7314b4c83a/t/67aa57a7976e415c4d212706/1739216809584/Clarity+Omnibus+Overview+-+Jan_Feb+2025.pdf,-31
"President Trump’s pardon of about 1,500 people convicted in the January 6, 2021 violence at the U.S. Capito",Crime,34,65,Marquette University Law School,Jan. 27 - Feb. 5,https://law.marquette.edu/poll/wp-content/uploads/2025/02/MLSPSC24Toplines_NationalIssues.html,-31
Abolishing the U.S. Department of Education,Executive,28,58,YouGov,Feb. 9 - 11,https://d3nkl3psvxxpe9.cloudfront.net/documents/econtoplines_Z51qCJt.pdf,-30
Trump signed an executive order making it harder for Medicare to negotiate for lower prescription drug costs,Health care,20,50,Navigator Research,Jan. 30 - Feb. 3,https://navigatorresearch.org/wp-content/uploads/2025/02/Navigator-Update-02.10.2025.pdf,-30
Adding Greenland as a U.S. state,Foreign policy,26,55,Emerson College,Feb. 15 - 17,https://emersoncollegepolling.com/february-2025-national-poll-trump-presidential-approval-at-48-musk-doge-job-approval-at-41/,-29
Dissolving the U.S. Department of Education,Education,28,56,YouGov,Feb. 2 - Feb. 4,https://d3nkl3psvxxpe9.cloudfront.net/documents/econTabReport_FOXP71G.pdf,-28
Pardoning January 6th protestors,Crime,34,62,Ipsos,Jan. 24 - 26,https://www.ipsos.com/sites/default/files/ct/news/documents/2025-01/Ipsos%20Poll%20on%20New%20Executive%20Orders%20Topline%20January%202025.pdf,-28
Temporarily freezing federal funding for government grants and services in the U.S.,DOGE/Funding,34,62,Ipsos,Jan. 31 - Feb. 2,https://www.ipsos.com/sites/default/files/ct/news/documents/2025-02/Reuters%20Ipsos%20Poll%20on%20Executive%20Orders%20February%202025.pdf,-28
Eliminating the Consumer Financial Protection Bureau (CFPB) Creating an,Executive,21,48,YouGov,Feb. 11 - 14,https://d3nkl3psvxxpe9.cloudfront.net/documents/Policy_Support_poll_results.pdf,-27
e proposed new rules that would abolish unions and union contracts for American workers who are employed by the federal government,Executive,32,57,Data for Progress,Jan. 24 - 26,https://www.dataforprogress.org/blog/2025/1/29/after-week-1-voters-have-a-slightly-favorable-view-of-trump-but-oppose-many-of-his-executive-orders,-25
Imposing a 25% tariff on goods imported from Canada,Trade,28,53,YouGov,Feb. 12 - 14,https://d3nkl3psvxxpe9.cloudfront.net/documents/Tariffs_and_Trade_poll_results.pdf,-25
Renaming the Gulf of Mexico to the Gulf of America,Other,29,54,YouGov,Feb. 2 - Feb. 4,https://d3nkl3psvxxpe9.cloudfront.net/documents/econTabReport_FOXP71G.pdf,-25
Withdrawing from the United Nations Human Rights Council (UNHRC),Foreign policy,26,51,YouGov,Feb. 11 - 14,https://d3nkl3psvxxpe9.cloudfront.net/documents/Policy_Support_poll_results.pdf,-25
Imposing a 25 percent tariff on most products from Mexico,Trade,35,59,Ipsos/Washington Post,Feb. 13 - 18 ,https://docs.google.com/spreadsheets/d/1kdcXmy8B1zajwnb6KUbZ-KxUixlTPoTY3Bg_Bfld0h0/edit?gid=0#gid=0,-24
Support the U.S. seeking ownership of Greenland,Foreign policy,26,50,YouGov/The Economist,Feb. 16 - 18,https://d3nkl3psvxxpe9.cloudfront.net/documents/econtoplines_KfNmvTk.pdf,-24
the U.S. placing new tariffs on goods imported from Canada,Trade,38,62,YouGov/CBS News,Feb. 5 - 7,https://www.scribd.com/document/825874200/cbsnews-20250209-1#fullscreen&from_embed,-24
Cutting funding for National Public Radio (NPR) and the Public Broadcasting Service (PBS),Other,28,51,YouGov,Feb. 11 - 14,https://d3nkl3psvxxpe9.cloudfront.net/documents/Policy_Support_poll_results.pdf,-23
e removing all Palestinians from Gaza?,Foreign policy,21,44,YouGov,Feb. 9 - 11,https://d3nkl3psvxxpe9.cloudfront.net/documents/econtoplines_Z51qCJt.pdf,-23
"Ending birthright citizenship, which makes anyone born in the U.S. a citizen ",Immigration,31,54,Ipsos/NPR,Feb. 7 - 10,https://www.ipsos.com/sites/default/files/ct/news/documents/2025-02/NPR%20Immigration%20Topline%20February%202025.pdf,-23
"Ending birthright citizenship, which makes anyone born in the U.S. a citizen ",Immigration,36,59,Ipsos,Jan. 24 - 26,https://www.ipsos.com/sites/default/files/ct/news/documents/2025-01/Ipsos%20Poll%20on%20New%20Executive%20Orders%20Topline%20January%202025.pdf,-23
"New tariffs, or taxes, on imported goods from Canada",Trade,37,60,Ipsos,Jan. 24 - 26,https://www.ipsos.com/sites/default/files/ct/news/documents/2025-01/Ipsos%20Poll%20on%20New%20Executive%20Orders%20Topline%20January%202025.pdf,-23
U.S. taking over control of Gaza,Foreign policy,29,52,Morning Consult,Feb. 7 - 9,https://pro.morningconsult.com/analysis/congress-reconciliation-tax-cuts-polling,-23
Donald Trump’s proposal that the U.S. take over rebuilding the Gaza Strip,Foreign policy,29,51,Echelon Insights,Feb. 10 - 21,https://echelonin.wpenginepowered.com/wp-content/uploads/February-2025-Voter-Omnibus-Topline-External.pdf,-22
Ending federal efforts to hire women or racial minorities,Executive,37,59,Ipsos,Jan. 24 - 26,https://www.ipsos.com/sites/default/files/ct/news/documents/2025-01/Ipsos%20Poll%20on%20New%20Executive%20Orders%20Topline%20January%202025.pdf,-22
Renaming the Gulf of Mexico to the Gulf of America,Other,30,52,YouGov/The Economist,Feb. 16 - 18,https://d3nkl3psvxxpe9.cloudfront.net/documents/econtoplines_KfNmvTk.pdf,-22
Spending U.S. government money to rebuild Gaza,Foreign policy,30,52,Morning Consult,Feb. 7 - 9,https://pro.morningconsult.com/analysis/congress-reconciliation-tax-cuts-polling,-22
Ending birthright citizenship for children of foreign workers or students with temporary visas?,Immigration,37,58,Ipsos/Washington Post,Feb. 13 - 18 ,https://docs.google.com/spreadsheets/d/1kdcXmy8B1zajwnb6KUbZ-KxUixlTPoTY3Bg_Bfld0h0/edit?gid=0#gid=0,-21
federal legislation to establish a strategic bitcoin reserve in the United States?,Treasury/Monetary,17,38,Cygnal,Feb. 4 - 5,https://www.cygn.al/wp-content/uploads/2025/02/22874-Cygnal-National-NVT-Feb25-Deck-Public.pdf,-21
Making it easier for presidents to fire longtime federal workers,Executive,37,58,Ipsos/Washington Post,Feb. 13 - 18 ,https://docs.google.com/spreadsheets/d/1kdcXmy8B1zajwnb6KUbZ-KxUixlTPoTY3Bg_Bfld0h0/edit?gid=0#gid=0,-21
Shutting down the U.S. agency that provides humanitarian aid in low-income countries,Foreign policy,38,59,Ipsos/Washington Post,Feb. 13 - 18 ,https://docs.google.com/spreadsheets/d/1kdcXmy8B1zajwnb6KUbZ-KxUixlTPoTY3Bg_Bfld0h0/edit?gid=0#gid=0,-21
Support the U.S. seeking ownership of Greenland,Foreign policy,32,53,Data for Progress,Feb. 8 - 9,https://www.dataforprogress.org/blog/2025/2/12/voters-strongly-oppose-trumps-plan-to-take-over-and-own-gaza,-21
Trump is instating a gag order for doctors and researchers working at the CDC and NIH so they can't talk about research or public health threats,Health care,25,46,Navigator Research,Jan. 30 - Feb. 3,https://navigatorresearch.org/wp-content/uploads/2025/02/Navigator-Update-02.10.2025.pdf,-21
Donald Trump’s executive order renaming the Gulf of Mexico to the Gulf of America?,Other,28,48,Cygnal,Feb. 4 - 5,https://www.cygn.al/wp-content/uploads/2025/02/22874-Cygnal-National-NVT-Feb25-Deck-Public.pdf,-20
Forcing Denmark to sell Greenland to the United States.,Foreign policy,30,50,Clarity Campaign Labs,Jan. 31 -  Feb. 6,https://static1.squarespace.com/static/61ae8d5e55be5c7314b4c83a/t/67aa57a7976e415c4d212706/1739216809584/Clarity+Omnibus+Overview+-+Jan_Feb+2025.pdf,-20
the U.S. placing new tariffs on goods imported from Europe,Trade,40,60,YouGov/CBS News,Feb. 5 - 7,https://www.scribd.com/document/825874200/cbsnews-20250209-1#fullscreen&from_embed,-20
"Ending a policy that provided funding to help states enroll more residents in Medicaid, a government-run healthinsurance program for low-income Americans",Health care,34,53,Data for Progress,Jan. 24 - 26,https://www.dataforprogress.org/blog/2025/1/29/after-week-1-voters-have-a-slightly-favorable-view-of-trump-but-oppose-many-of-his-executive-orders,-19
"Giving ICE (Immigration and Customs Enforcement) the ability to arrest immigrants in formerly protected spaces including schools, churches and hospitals",Immigration,35,54,Ipsos/NPR,Feb. 7 - 10,https://www.ipsos.com/sites/default/files/ct/news/documents/2025-02/NPR%20Immigration%20Topline%20February%202025.pdf,-19
Deport undocumented immigrant who have not broken laws in the United States except for immigration laws,Immigration,39,57,Ipsos/Washington Post,Feb. 13 - 18 ,https://docs.google.com/spreadsheets/d/1kdcXmy8B1zajwnb6KUbZ-KxUixlTPoTY3Bg_Bfld0h0/edit?gid=0#gid=0,-18
"Directing federal agencies to refer to the Gulf of Mexico as the ""Gulf of America"" in official documents",Other,34,52,Data for Progress,Jan. 24 - 26,https://www.dataforprogress.org/blog/2025/1/29/after-week-1-voters-have-a-slightly-favorable-view-of-trump-but-oppose-many-of-his-executive-orders,-18
Eliminating the White House Office of Gun Violence Prevention,Executive,33,51,Data for Progress,Jan. 24 - 26,https://www.dataforprogress.org/blog/2025/1/29/after-week-1-voters-have-a-slightly-favorable-view-of-trump-but-oppose-many-of-his-executive-orders,-18
Ending temporary legal status for migrants from conflict-ridden countries,Immigration,38,56,Ipsos/Washington Post,Feb. 13 - 18 ,https://docs.google.com/spreadsheets/d/1kdcXmy8B1zajwnb6KUbZ-KxUixlTPoTY3Bg_Bfld0h0/edit?gid=0#gid=0,-18
"Holding up to 30,000 undocumented immigrants in Guantánamo Bay, Cuba",Immigration,38,56,Ipsos/Washington Post,Feb. 13 - 18 ,https://docs.google.com/spreadsheets/d/1kdcXmy8B1zajwnb6KUbZ-KxUixlTPoTY3Bg_Bfld0h0/edit?gid=0#gid=0,-18
Imposing a 25% tariff on goods imported from Mexico,Trade,31,49,YouGov,Feb. 12 - 14,https://d3nkl3psvxxpe9.cloudfront.net/documents/Tariffs_and_Trade_poll_results.pdf,-18
sanctuary cities that refuse to cooperate with the requests of federal law enforcement officials and harbor criminal illegal aliens?,Immigration,37,55,Cygnal,Feb. 4 - 5,https://www.cygn.al/wp-content/uploads/2025/02/22874-Cygnal-National-NVT-Feb25-Deck-Public.pdf,-18
Would you support or oppose a Constitutional amendment ending birthright citizenship for children born in the U.S. to illegal immigrants?,Immigration,36,54,Echelon Insights,Feb. 10 - 13,https://echelonin.wpenginepowered.com/wp-content/uploads/February-2025-Voter-Omnibus-Topline-External.pdf,-18
Ending birthright citizenship for children of undocumented immigrants?,Immigration,39,56,Ipsos/Washington Post,Feb. 13 - 18 ,https://docs.google.com/spreadsheets/d/1kdcXmy8B1zajwnb6KUbZ-KxUixlTPoTY3Bg_Bfld0h0/edit?gid=0#gid=0,-17
Ending U.S. humanitarian aid to foreign countries,Foreign policy,35,52,YouGov,Feb. 9 - 11,https://d3nkl3psvxxpe9.cloudfront.net/documents/econtoplines_Z51qCJt.pdf,-17
"Firing ""hundreds of thousands"" of federal workers",Executive,34,51,YouGov/The Economist,Feb. 16 - 18,https://d3nkl3psvxxpe9.cloudfront.net/documents/econtoplines_KfNmvTk.pdf,-17
"Firing FBI agents who were involved in investigating the January 6, 2021 attack on the U.S. Capitol",Crime,32,49,YouGov,Feb. 2 - Feb. 4,https://d3nkl3psvxxpe9.cloudfront.net/documents/econTabReport_FOXP71G.pdf,-17
Imposing tariffs on Canada,Trade,36,53,Echelon Insights,Feb. 10 - 27,https://echelonin.wpenginepowered.com/wp-content/uploads/February-2025-Voter-Omnibus-Topline-External.pdf,-17
"Trump ordered all federal agencies to pause payments that fund law enforcement, infrastructure projects like repiring roads and bridges, resources to curb the fentanyl crisis and cancer reasearch",DOGE/Funding,26,43,Navigator Research,Jan. 30 - Feb. 3,https://navigatorresearch.org/wp-content/uploads/2025/02/Navigator-Update-02.10.2025.pdf,-17
Withdrawing the U.S. from the Paris Climate Accords,Foreign policy,39,56,Ipsos,Jan. 24 - 26,https://www.ipsos.com/sites/default/files/ct/news/documents/2025-01/Ipsos%20Poll%20on%20New%20Executive%20Orders%20Topline%20January%202025.pdf,-17
Donald Trump's pardons for those who forced their way into the Capitol on Jan. 6,Crime,42,58,YouGov/CBS News,Feb. 5 - 7,https://www.scribd.com/document/825874200/cbsnews-20250209-1#fullscreen&from_embed,-16
Imposing a 25% tariff on all steel and aluminum imports to the U.S.,Trade,32,48,YouGov,Feb. 11 - 14,https://d3nkl3psvxxpe9.cloudfront.net/documents/Policy_Support_poll_results.pdf,-16
Imposing a 25% tariff on goods imported from Mexico and Canada,Trade,33,49,YouGov,Feb. 2 - Feb. 4,https://d3nkl3psvxxpe9.cloudfront.net/documents/econTabReport_FOXP71G.pdf,-16
Adding Greenland as a U.S. territory,Foreign policy,30,44,Emerson College,Feb. 15 - 17,https://emersoncollegepolling.com/february-2025-national-poll-trump-presidential-approval-at-48-musk-doge-job-approval-at-41/,-14
Allow arrests of undocumented immigrants in places of worship,Immigration,36,50,YouGov/The Economist,Feb. 16 - 18,https://d3nkl3psvxxpe9.cloudfront.net/documents/econtoplines_KfNmvTk.pdf,-14
"Canceling visas for students who participated in pro-Palestine protests, forcing them to leave the U.S",Immigration,33,47,Ipsos/NPR,Feb. 7 - 10,https://www.ipsos.com/sites/default/files/ct/news/documents/2025-02/NPR%20Immigration%20Topline%20February%202025.pdf,-14
"deporting immigrants who are living in the United States illegally back to their home countries even if they have lived here for a number of years, have jobs and no criminal record",Immigration,43,57,Marquette University Law School,Jan. 27 - Feb. 5,https://law.marquette.edu/poll/wp-content/uploads/2025/02/MLSPSC24Toplines_NationalIssues.html,-14
Deporting U.S. citizens convicted of crimes to foreign prisons,Immigration,36,50,YouGov,Feb. 9 - 11,https://d3nkl3psvxxpe9.cloudfront.net/documents/econtoplines_Z51qCJt.pdf,-14
"New tariffs, or taxes, on imported goods from Mexico",Trade,41,55,Ipsos,Jan. 24 - 26,https://www.ipsos.com/sites/default/files/ct/news/documents/2025-01/Ipsos%20Poll%20on%20New%20Executive%20Orders%20Topline%20January%202025.pdf,-14
Offer refugee status to white South Africans,Immigration,23,37,YouGov/The Economist,Feb. 16 - 18,https://d3nkl3psvxxpe9.cloudfront.net/documents/econtoplines_KfNmvTk.pdf,-14
Pardon individuals imrpisoned for their involvement in January 6,Crime,37,51,TIPP Insights,Jan. 29 - 31,https://tippinsights.com/trumps-executive-orders-have-solid-voter-backing-i-i-tipp-poll/,-14
"Trump pardoned the 1,500 January 6th  rioters who were criminally charged with storming the Capitol including some who asasulted law enforcement officers",Crime,33,47,Navigator Research,Jan. 30 - Feb. 3,https://navigatorresearch.org/wp-content/uploads/2025/02/Navigator-Update-02.10.2025.pdf,-14
 Sending U.S. troops to help rebuild Gaza,Foreign policy,35,48,Morning Consult,Feb. 7 - 9,https://pro.morningconsult.com/analysis/congress-reconciliation-tax-cuts-polling,-13
Making it easier to fire certain federal government employees for political reasons,Executive,37,50,Data for Progress,Jan. 24 - 26,https://www.dataforprogress.org/blog/2025/1/29/after-week-1-voters-have-a-slightly-favorable-view-of-trump-but-oppose-many-of-his-executive-orders,-13
Deputizing state and local law enforcement to arrest suspected undocumented immigrants at traffic stops and other locations,Immigration,41,54,Ipsos/Washington Post,Feb. 13 - 18 ,https://docs.google.com/spreadsheets/d/1kdcXmy8B1zajwnb6KUbZ-KxUixlTPoTY3Bg_Bfld0h0/edit?gid=0#gid=0,-13
Imposing tariffs on The European Union,Trade,36,49,Echelon Insights,Feb. 10 - 26,https://echelonin.wpenginepowered.com/wp-content/uploads/February-2025-Voter-Omnibus-Topline-External.pdf,-13
"Offering refugee status to white South African farmers, known as Afrikaners",Immigration,26,39,YouGov,Feb. 11 - 14,https://d3nkl3psvxxpe9.cloudfront.net/documents/Policy_Support_poll_results.pdf,-13
"Pardoning people convicted of nonviolent crimes related to the Jan. 6, 2021, Capitol riot",Crime,42,55,Ipsos/Washington Post,Feb. 13 - 18 ,https://docs.google.com/spreadsheets/d/1kdcXmy8B1zajwnb6KUbZ-KxUixlTPoTY3Bg_Bfld0h0/edit?gid=0#gid=0,-13
"Trump pardoned the 1,500 January 6th  rioters who were criminally charged with storming the Capitol to overturn the 2020 election including some who asasulted law enforcement officers",Crime,33,46,Navigator Research,Jan. 30 - Feb. 3,https://navigatorresearch.org/wp-content/uploads/2025/02/Navigator-Update-02.10.2025.pdf,-13
President Trump's decision to withdraw from the U.N. Human Rights Council.,Foreign policy,39,51,RMG Research,Feb. 4 - 5,https://napolitannews.org/posts/pres-trumps-sovereign-wealth-fund-order-earns-mixed-reviews,-12
Imposing a 25% tariff on all steel and aluminium imports,Trade,33,45,YouGov/The Economist,Feb. 16 - 18,https://d3nkl3psvxxpe9.cloudfront.net/documents/econtoplines_KfNmvTk.pdf,-12
Mandating the use of plastic straws in federal facilities,Executive,29,41,YouGov,Feb. 11 - 14,https://d3nkl3psvxxpe9.cloudfront.net/documents/Policy_Support_poll_results.pdf,-12
the U.S. placing new tariffs on goods imported from Mexico,Trade,44,56,YouGov/CBS News,Feb. 5 - 7,https://www.scribd.com/document/825874200/cbsnews-20250209-1#fullscreen&from_embed,-12
Withdrawing the United States from the World Health Organization (WHO),Foreign policy,37,49,Clarity Campaign Labs,Jan. 31 -  Feb. 6,https://static1.squarespace.com/static/61ae8d5e55be5c7314b4c83a/t/67aa57a7976e415c4d212706/1739216809584/Clarity+Omnibus+Overview+-+Jan_Feb+2025.pdf,-12
Suspending applications for asylum from people seeking to live in the U.S.,Immigration,44,55,Pew Research Center,Jan. 27 - Feb. 2,https://www.pewresearch.org/wp-content/uploads/sites/20/2025/02/PP_2024.7.2_views-of-trump_topline.pdf,-11
A task force for cutting federal spending led by Elon Musk,DOGE/Funding,42,53,Ipsos,Feb. 13 - 18,https://pro.x.com/PollTracker2024/status/1893650974121558399/photo/1,-11
Banning transgender people from serving in the military,LGBT,42,53,Ipsos/Washington Post,Feb. 13 - 18 ,https://docs.google.com/spreadsheets/d/1kdcXmy8B1zajwnb6KUbZ-KxUixlTPoTY3Bg_Bfld0h0/edit?gid=0#gid=0,-11
End federal funding for schools and universities that require covid-19 vaccinations,Education,37,48,YouGov/The Economist,Feb. 16 - 18,https://d3nkl3psvxxpe9.cloudfront.net/documents/econtoplines_KfNmvTk.pdf,-11
"New tariffs, or taxes, on imported goods from other countries",Trade,43,54,Ipsos,Jan. 24 - 26,https://www.ipsos.com/sites/default/files/ct/news/documents/2025-01/Ipsos%20Poll%20on%20New%20Executive%20Orders%20Topline%20January%202025.pdf,-11
"Rolling back energy-efficiency regulations for dishwashers, shower heads, and gas stoves",Environment,34,45,YouGov,Feb. 9 - 11,https://d3nkl3psvxxpe9.cloudfront.net/documents/econtoplines_Z51qCJt.pdf,-11
Temporarily relocating Palestinians,Foreign policy,33,44,Morning Consult,Feb. 7 - 9,https://pro.morningconsult.com/analysis/congress-reconciliation-tax-cuts-polling,-11
Withdrawing the U.S. from the World Health Organization (WHO),Foreign policy,38,49,Data for Progress,Jan. 24 - 26,https://www.dataforprogress.org/blog/2025/1/29/after-week-1-voters-have-a-slightly-favorable-view-of-trump-but-oppose-many-of-his-executive-orders,-11
Barring transgender people from enlisting and serving openly in the military,LGBT,40,50,Ipsos,Jan. 31 - Feb. 2,https://www.ipsos.com/sites/default/files/ct/news/documents/2025-02/Reuters%20Ipsos%20Poll%20on%20Executive%20Orders%20February%202025.pdf,-10
Imposing a 25% tariff on all steel and aluminum imports to the U.S.,Trade,34,44,YouGov,Feb. 12 - 14,https://d3nkl3psvxxpe9.cloudfront.net/documents/Tariffs_and_Trade_poll_results.pdf,-10
"pardoned nearly 1,600 people charged in connection with the attack on the U.S. Capitol on January 6, 2021.",Crime,42,52,Data for Progress,Jan. 24 - 26,https://www.dataforprogress.org/blog/2025/1/29/after-week-1-voters-have-a-slightly-favorable-view-of-trump-but-oppose-many-of-his-executive-orders,-10
Support the U.S. seeking ownership of Panama,Foreign policy,34,44,YouGov/The Economist,Feb. 16 - 18,https://d3nkl3psvxxpe9.cloudfront.net/documents/econtoplines_KfNmvTk.pdf,-10
"Trump has said he wants to dismantle FEMA, or the Federal Emergency Management Agency",Executive,32,42,Navigator Research,Jan. 30 - Feb. 3,https://navigatorresearch.org/wp-content/uploads/2025/02/Navigator-Update-02.10.2025.pdf,-10
"d 25% tariffs on goods coming from Canada and Mexico, and 10% tariffs on goods coming from China.",Trade,41,50,Echelon Insights,Feb. 10 - 22,https://echelonin.wpenginepowered.com/wp-content/uploads/February-2025-Voter-Omnibus-Topline-External.pdf,-9
"Trump changed the name of the ""Gulf of Mexico"" to the ""Gulf of America""",Other,32,41,Navigator Research,Jan. 30 - Feb. 3,https://navigatorresearch.org/wp-content/uploads/2025/02/Navigator-Update-02.10.2025.pdf,-9
Withdrawing from the World Health Organization,Foreign policy,37,46,Morning Consult,Jan. 31 - Feb. 2,https://pro.morningconsult.com/analysis/elon-musk-donald-trump-polling-february-2025,-9
a 25% tariff on goods coming from Canada,Trade,39,47,Cygnal,Feb. 4 - 5,https://www.cygn.al/wp-content/uploads/2025/02/22874-Cygnal-National-NVT-Feb25-Deck-Public.pdf,-8
Ban paper straws in federal facilities,Executive,32,40,YouGov/The Economist,Feb. 16 - 18,https://d3nkl3psvxxpe9.cloudfront.net/documents/econtoplines_KfNmvTk.pdf,-8
Delaying the ban of TikTok in the U.S.,Other,44,52,Ipsos,Jan. 24 - 26,https://www.ipsos.com/sites/default/files/ct/news/documents/2025-01/Ipsos%20Poll%20on%20New%20Executive%20Orders%20Topline%20January%202025.pdf,-8
Eliminating the United States Agency for International Development (USAID)?,Foreign policy,36,44,Emerson College,Feb. 15 - 17,https://emersoncollegepolling.com/february-2025-national-poll-trump-presidential-approval-at-48-musk-doge-job-approval-at-41/,-8
"Holding immigrants without legal status at the U.S. naval base in Guantánamo Bay, Cuba",Immigration,36,44,Ipsos/NPR,Feb. 7 - 10,https://www.ipsos.com/sites/default/files/ct/news/documents/2025-02/NPR%20Immigration%20Topline%20February%202025.pdf,-8
"pardoning people who were convicted of nonviolent crimes related to the events at the U.S. Capitol on January 6, 2021",Crime,46,54,Pew Research Center,Jan. 27 - Feb. 2,https://www.pewresearch.org/wp-content/uploads/sites/20/2025/02/PP_2024.7.2_views-of-trump_topline.pdf,-8
"Trump is directing agents to now enter schools, hospitals, and churches to conduct deportation raids",Immigration,36,44,Navigator Research,Jan. 30 - Feb. 3,https://navigatorresearch.org/wp-content/uploads/2025/02/Navigator-Update-02.10.2025.pdf,-8
Withdraw the United States from the World Health Organization (WHO),Foreign policy,38,46,TIPP Insights,Jan. 29 - 31,https://tippinsights.com/trumps-executive-orders-have-solid-voter-backing-i-i-tipp-poll/,-8
"Adding a 25% tariff (import tax) on all goods, including food and gasoline, imported from Mexico and Canada",Trade,42,49,Clarity Campaign Labs,Jan. 31 -  Feb. 6,https://static1.squarespace.com/static/61ae8d5e55be5c7314b4c83a/t/67aa57a7976e415c4d212706/1739216809584/Clarity+Omnibus+Overview+-+Jan_Feb+2025.pdf,-7
"Closing all federal government DEI"" offices and firing all federal employees working in ""DEI"" initiatives""",DEI,44,51,Ipsos,Jan. 24 - 26,https://www.ipsos.com/sites/default/files/ct/news/documents/2025-01/Ipsos%20Poll%20on%20New%20Executive%20Orders%20Topline%20January%202025.pdf,-7
Eliminating the penny from U.S. currency,Treasury/Monetary,34,41,YouGov,Feb. 11 - 14,https://d3nkl3psvxxpe9.cloudfront.net/documents/Policy_Support_poll_results.pdf,-7
Signing an executive order attempting to end birthright or automatic citizenship for the children of undocumentedimmigrants,Immigration,41,48,Data for Progress,Jan. 24 - 26,https://www.dataforprogress.org/blog/2025/1/29/after-week-1-voters-have-a-slightly-favorable-view-of-trump-but-oppose-many-of-his-executive-orders,-7
Trump is stopping clean energy production projects and halting new renewable energy projects in federal lands and waters,Environment,33,40,Navigator Research,Jan. 30 - Feb. 3,https://navigatorresearch.org/wp-content/uploads/2025/02/Navigator-Update-02.10.2025.pdf,-7
Trump withdrew the U.S. from the World Health Organization,Foreign policy,34,41,Navigator Research,Jan. 30 - Feb. 3,https://navigatorresearch.org/wp-content/uploads/2025/02/Navigator-Update-02.10.2025.pdf,-7
Approve of Trump's cabinet choices and other high-level appointees,Executive,46,52,Pew Research Center,Jan. 27 - Feb. 2,https://www.pewresearch.org/wp-content/uploads/sites/20/2025/02/PP_2024.7.2_views-of-trump_topline.pdf,-6
Ending birthright citizenship for children of foreign tourists?,Immigration,45,51,Ipsos/Washington Post,Feb. 13 - 18 ,https://docs.google.com/spreadsheets/d/1kdcXmy8B1zajwnb6KUbZ-KxUixlTPoTY3Bg_Bfld0h0/edit?gid=0#gid=0,-6
Offering all federal workers an option to take a deferred resignation with 8 months of severance,Executive,34,40,YouGov,Feb. 2 - Feb. 4,https://d3nkl3psvxxpe9.cloudfront.net/documents/econTabReport_FOXP71G.pdf,-6
"Removing government websites that use the terms gender, racism, diversity, or bias",LGBT,38,44,YouGov,Feb. 11 - 14,https://d3nkl3psvxxpe9.cloudfront.net/documents/Policy_Support_poll_results.pdf,-6
Approve of nominating Kash Patel to be the Director of the FBI?,Cabinet,36,41,Quinnipiac University,Feb. 13 - 17,https://poll.qu.edu/images/polling/us/us02192025_urxu99.pdf,-5
Approve of selecting Elon Musk to lead the new Department of Government Effeciency,Cabinet,42,47,Morning Consult,Feb. 14 - 16,https://pro.morningconsult.com/trackers/donald-trump-congress-policy-republicans-polling,-5
Cutting federal funds for cities and states if they do not help federal efforts to deport people in their communities who are in the U.S. illegally,Immigration,47,52,Pew Research Center,Jan. 27 - Feb. 2,https://www.pewresearch.org/wp-content/uploads/sites/20/2025/02/PP_2024.7.2_views-of-trump_topline.pdf,-5
Near-total freeze on funding for USAID and placed most USAID employees stationed around the world on leave — requiring them to return home to the U.S. within 30 days,Foreign policy,45,50,Data for Progress,Feb. 8 - 13,https://www.dataforprogress.org/blog/2025/2/12/voters-strongly-oppose-trumps-plan-to-take-over-and-own-gaza,-5
Support the U.S. seeking ownership of Panama,Foreign policy,41,46,Data for Progress,Feb. 8 - 9,https://www.dataforprogress.org/blog/2025/2/12/voters-strongly-oppose-trumps-plan-to-take-over-and-own-gaza,-5
Support Trump's actions overall,Overall,43,48,Ipsos/Washington Post,Feb. 13 - 18 ,https://docs.google.com/spreadsheets/d/1kdcXmy8B1zajwnb6KUbZ-KxUixlTPoTY3Bg_Bfld0h0/edit?gid=0#gid=0,-5
temporary freeze on all federal grant and loan programs in order to ensure that the programs comply with President Trump's recent executive orders,DOGE/Funding,41,46,Morning Consult,Jan. 31 - Feb. 2,https://pro.morningconsult.com/analysis/elon-musk-donald-trump-polling-february-2025,-5
the way President-elect Donald Trump is handling cabinet appointments for his administration,Cabinet,47,52,Marquette University Law School,Jan. 27 - Feb. 5,https://law.marquette.edu/poll/wp-content/uploads/2025/02/MLSPSC24Toplines_NationalIssues.html,-5
"Trump issued an executive order to end birthright citizenship, the right guaranteed by the Constitution that anyone born in the U.S. is automatically a citizen no matter where your parents came from",Immigration,37,42,Navigator Research,Jan. 30 - Feb. 3,https://navigatorresearch.org/wp-content/uploads/2025/02/Navigator-Update-02.10.2025.pdf,-5
"Trump ordered all federal agencies to pause payments on all federal grants, loans, and initiatives",DOGE/Funding,35,40,Navigator Research,Jan. 30 - Feb. 3,https://navigatorresearch.org/wp-content/uploads/2025/02/Navigator-Update-02.10.2025.pdf,-5
Approve of nominating Robert F. Kennedy to be the Secreaty of HHS?,Cabinet,43,47,Quinnipiac University,Feb. 13 - 17,https://poll.qu.edu/images/polling/us/us02192025_urxu99.pdf,-4
Banning transgender Americans from serving in the U.S. military,LGBT,41,45,Morning Consult,Jan. 31 - Feb. 2,https://pro.morningconsult.com/analysis/elon-musk-donald-trump-polling-february-2025,-4
Holding immigrants in large detention centers while determining whether or not they should be deported,Immigration,48,52,YouGov/CBS News,Feb. 5 - 7,https://www.scribd.com/document/825874200/cbsnews-20250209-1#fullscreen&from_embed,-4
Imposing tariffs on Mexico,Trade,43,47,Echelon Insights,Feb. 10 - 25,https://echelonin.wpenginepowered.com/wp-content/uploads/February-2025-Voter-Omnibus-Topline-External.pdf,-4
"Trump pledged tariffs, or a new tax, of 25% on all Canadian and Mexican goods beginning in February",Trade,36,40,Navigator Research,Jan. 30 - Feb. 3,https://navigatorresearch.org/wp-content/uploads/2025/02/Navigator-Update-02.10.2025.pdf,-4
Using Guantanamo Bay to detain thousands of migrants deported from the U.S.,Immigration,38,42,YouGov,Feb. 2 - Feb. 4,https://d3nkl3psvxxpe9.cloudfront.net/documents/econTabReport_FOXP71G.pdf,-4
"Abolishing diversity, equity, and inclusion (DEI) offices and programs in the Defense Department and the Department of Homeland Security",DEI,46,49,Ipsos,Jan. 31 - Feb. 2,https://www.ipsos.com/sites/default/files/ct/news/documents/2025-02/Reuters%20Ipsos%20Poll%20on%20Executive%20Orders%20February%202025.pdf,-3
"Ending diversity, equity and inclusion (DEI) programs in the federal government",DEI,46,49,Ipsos/Washington Post,Feb. 13 - 18 ,https://docs.google.com/spreadsheets/d/1kdcXmy8B1zajwnb6KUbZ-KxUixlTPoTY3Bg_Bfld0h0/edit?gid=0#gid=0,-3
Imposing a 10% tariff on goods imported from all countries,Trade,38,41,YouGov,Feb. 12 - 14,https://d3nkl3psvxxpe9.cloudfront.net/documents/Tariffs_and_Trade_poll_results.pdf,-3
Using the U.S. military to arrest and deport immigrants without legal status,Immigration,40,43,Ipsos/NPR,Feb. 7 - 10,https://www.ipsos.com/sites/default/files/ct/news/documents/2025-02/NPR%20Immigration%20Topline%20February%202025.pdf,-3
a 25% tariff on goods coming from Mexico,Trade,43,45,Cygnal,Feb. 4 - 5,https://www.cygn.al/wp-content/uploads/2025/02/22874-Cygnal-National-NVT-Feb25-Deck-Public.pdf,-2
Approve of nominating Tulsi Gabbard to be be the Director of National Intelligence?,Cabinet,38,40,Quinnipiac University,Feb. 13 - 17,https://poll.qu.edu/images/polling/us/us02192025_urxu99.pdf,-2
Department of Government Efficiency-led cuts to agencies like USAID,Foreign policy,41,43,Echelon Insights,Feb. 10 - 20,https://echelonin.wpenginepowered.com/wp-content/uploads/February-2025-Voter-Omnibus-Topline-External.pdf,-2
Offering federal government employees a buyout,Executive,40,42,Echelon Insights,Feb. 10 - 19,https://echelonin.wpenginepowered.com/wp-content/uploads/February-2025-Voter-Omnibus-Topline-External.pdf,-2
President Trump's decision to withdraw from the W.H.O,Foreign policy,42,44,RMG Research,Jan. 27 - 28,https://x.com/ScottWRasmussen/status/1884677895047831656,-2
Pulling almost all U.S. Agency for International Development workers off the job and out of the field worldwide,Foreign policy,40,42,Morning Consult,Feb. 7 - 9,https://pro.morningconsult.com/analysis/congress-reconciliation-tax-cuts-polling,-2
Stopping the leasing of federal waters for offshore wind farms,Energy,32,34,YouGov,Feb. 2 - Feb. 4,https://d3nkl3psvxxpe9.cloudfront.net/documents/econTabReport_FOXP71G.pdf,-2
"Terminating all diversity, equity, inclusion, and accessibility (DEIA) programs across the federal government andplacing their employees on administrative leave",DEI,43,45,Data for Progress,Jan. 24 - 26,https://www.dataforprogress.org/blog/2025/1/29/after-week-1-voters-have-a-slightly-favorable-view-of-trump-but-oppose-many-of-his-executive-orders,-2
Withdraw the U.S. from the Paris Climate Agreement,Foreign policy,39,41,TIPP Insights,Jan. 29 - 31,https://tippinsights.com/trumps-executive-orders-have-solid-voter-backing-i-i-tipp-poll/,-2
The creation of a soverign wealth investment fund owned by the federal government,Treasury/Monetary,36,37,RMG Research,Feb. 4 - 5,https://napolitannews.org/posts/pres-trumps-sovereign-wealth-fund-order-earns-mixed-reviews,-1
The Executive Order calling for the creation of a Sovereign Wealth Fund,Treasury/Monetary,26,27,Echelon Insights,Feb. 10 - 18,https://echelonin.wpenginepowered.com/wp-content/uploads/February-2025-Voter-Omnibus-Topline-External.pdf,-1
"Trump issued an executive order to end birthright citizenship, the right that anyone born in the U.S. is automatically a citizen no matter where your parents came from",Immigration,39,40,Navigator Research,Jan. 30 - Feb. 3,https://navigatorresearch.org/wp-content/uploads/2025/02/Navigator-Update-02.10.2025.pdf,-1
The creation of a sovereign wealth fund,Treasury/Monetary,31,31,Morning Consult,Feb. 7 - 9,https://pro.morningconsult.com/analysis/congress-reconciliation-tax-cuts-polling,0
Allowing parents to apply public funds to private or religious schooling,Education,40,40,YouGov,Feb. 2 - Feb. 4,https://d3nkl3psvxxpe9.cloudfront.net/documents/econTabReport_FOXP71G.pdf,0
Ending efforts to ensure that Americans are aware of the legal abortion services available to them and ensure the privacy of people getting abortions,Health care,41,41,Ipsos,Jan. 31 - Feb. 2,https://www.ipsos.com/sites/default/files/ct/news/documents/2025-02/Reuters%20Ipsos%20Poll%20on%20Executive%20Orders%20February%202025.pdf,0
Implementing a hiring freeze across the federal government,Executive,38,38,YouGov,Feb. 11 - 14,https://d3nkl3psvxxpe9.cloudfront.net/documents/Policy_Support_poll_results.pdf,0
"Withholding federal funding from K-12 schools that recognize transgender identities or teach students about concepts like structural racism, white privilege and unconscious bias",Education,43,43,Morning Consult,Jan. 31 - Feb. 2,https://pro.morningconsult.com/analysis/elon-musk-donald-trump-polling-february-2025,0
Easing restrictions on fossil fuel drilling and production,Energy,48,47,Ipsos,Jan. 24 - 26,https://www.ipsos.com/sites/default/files/ct/news/documents/2025-01/Ipsos%20Poll%20on%20New%20Executive%20Orders%20Topline%20January%202025.pdf,1
"Eliminating the asylum process, which allows undocumented immigrants fleeing danger in their home countries to legally remain in the United States",Immigration,42,41,Morning Consult,Jan. 31 - Feb. 2,https://pro.morningconsult.com/analysis/elon-musk-donald-trump-polling-february-2025,1
Instructing the U.S. Attorney General to pursue the death penalty whenever possible,Crime,41,40,Morning Consult,Jan. 31 - Feb. 2,https://pro.morningconsult.com/analysis/elon-musk-donald-trump-polling-february-2025,1
Approve of nominating Robert F. Kennedy to be the Secreaty of HHS?,Cabinet,42,41,Morning Consult,Feb. 14 - 16,https://pro.morningconsult.com/trackers/donald-trump-congress-policy-republicans-polling,1
Denying federal funds to “sanctuary cities” that limit cooperation with ICE,Immigration,41,40,Ipsos/NPR,Feb. 7 - 10,https://www.ipsos.com/sites/default/files/ct/news/documents/2025-02/NPR%20Immigration%20Topline%20February%202025.pdf,1
"Donald Trump’s efforts led by Elon Musk to reduce the size of government by federal employee buy outs, funding cuts, and department closures?",DOGE/Funding,46,45,Cygnal,Feb. 4 - 5,https://www.cygn.al/wp-content/uploads/2025/02/22874-Cygnal-National-NVT-Feb25-Deck-Public.pdf,1
"Requiring all federal government employees to work in-person at an office, or else they will get fired",Executive,47,46,Data for Progress,Feb. 8 - 11,https://www.dataforprogress.org/blog/2025/2/12/voters-strongly-oppose-trumps-plan-to-take-over-and-own-gaza,1
Imposing 25% tariffs on all U.S. imports of steel and aluminum,Trade,44,42,Morning Consult,Feb. 14 - 16,https://pro.morningconsult.com/trackers/donald-trump-congress-policy-republicans-polling,2
Imposing a hiring freeze on all federal government agencies,Executive,49,47,Ipsos,Jan. 24 - 26,https://www.ipsos.com/sites/default/files/ct/news/documents/2025-01/Ipsos%20Poll%20on%20New%20Executive%20Orders%20Topline%20January%202025.pdf,2
Mass deportation of everyone who is in the country without legal status,Immigration,44,42,Ipsos/NPR,Feb. 7 - 10,https://www.ipsos.com/sites/default/files/ct/news/documents/2025-02/NPR%20Immigration%20Topline%20February%202025.pdf,2
Requiring all federal employees to work from an office rather than allowing remote work,Executive,49,47,Ipsos,Jan. 24 - 26,https://www.ipsos.com/sites/default/files/ct/news/documents/2025-01/Ipsos%20Poll%20on%20New%20Executive%20Orders%20Topline%20January%202025.pdf,2
Approve of nominating Tulsi Gabbard to be be the Director of National Intelligence?,Cabinet,37,34,Morning Consult,Feb. 14 - 16,https://pro.morningconsult.com/trackers/donald-trump-congress-policy-republicans-polling,3
Establishing the External Revenue Service to collect all tariffs,Trade,35,32,YouGov,Feb. 12 - 14,https://d3nkl3psvxxpe9.cloudfront.net/documents/Tariffs_and_Trade_poll_results.pdf,3
Eliminate DEI programs in the federal government,DEI,45,41,TIPP Insights,Jan. 29 - 31,https://tippinsights.com/trumps-executive-orders-have-solid-voter-backing-i-i-tipp-poll/,4
Eliminate the penny,Treasury/Monetary,40,36,YouGov/The Economist,Feb. 16 - 18,https://d3nkl3psvxxpe9.cloudfront.net/documents/econtoplines_KfNmvTk.pdf,4
Elon Musk’s efforts in collaboration with President Trump’s Department of Government Efficiency (DOGE)?,DOGE/Funding,49,45,Quantus Insights,Feb. 10 - 12,https://drive.google.com/file/d/1-pk16PtnxiN4kD3j8RAfO75MvGBdSK5c/view,4
"Limiting indirect costs, such as overhead and facilities costs, to 15% of federal research grants",Education,37,33,Echelon Insights,Feb. 10 - 17,https://echelonin.wpenginepowered.com/wp-content/uploads/February-2025-Voter-Omnibus-Topline-External.pdf,4
Suspend refugee resettlement to the U.S.,Immigration,41,37,YouGov/The Economist,Feb. 16 - 18,https://d3nkl3psvxxpe9.cloudfront.net/documents/econtoplines_KfNmvTk.pdf,4
Approve of nominating Kash Patel to be the Director of the FBI?,Cabinet,39,34,Morning Consult,Feb. 14 - 16,https://pro.morningconsult.com/trackers/donald-trump-congress-policy-republicans-polling,5
Increasing tariffs by 10 percent on most products from China,Trade,50,45,Ipsos/Washington Post,Feb. 13 - 18 ,https://docs.google.com/spreadsheets/d/1kdcXmy8B1zajwnb6KUbZ-KxUixlTPoTY3Bg_Bfld0h0/edit?gid=0#gid=0,5
Deport all undocumented immigrants,Immigration,51,45,Ipsos/Washington Post,Feb. 13 - 18 ,https://docs.google.com/spreadsheets/d/1kdcXmy8B1zajwnb6KUbZ-KxUixlTPoTY3Bg_Bfld0h0/edit?gid=0#gid=0,6
End birthright citizenship for children of illegal immigrants,Immigration,48,42,TIPP Insights,Jan. 29 - 31,https://tippinsights.com/trumps-executive-orders-have-solid-voter-backing-i-i-tipp-poll/,6
Establishing Task Force 250 to seemingly assist the sesquicentennial commission,Other,33,27,Morning Consult,Feb. 7 - 9,https://pro.morningconsult.com/analysis/congress-reconciliation-tax-cuts-polling,6
Instructing the heads of U.S. departments and agencies to prepare for large-scale reductions in the federal workforce,Executive,46,40,Morning Consult,Feb. 14 - 16,https://pro.morningconsult.com/trackers/donald-trump-congress-policy-republicans-polling,6
 support or oppose the U.S. providing aid to foreign countries?,Foreign policy,47,40,YouGov,Feb. 4-6,https://d3nkl3psvxxpe9.cloudfront.net/documents/Foreign_Aid_poll_results.pdf,7
Declare a national energy emergency to boost oil and gas production while excluding wind a solar energy,Energy,46,39,TIPP Insights,Jan. 29 - 31,https://tippinsights.com/trumps-executive-orders-have-solid-voter-backing-i-i-tipp-poll/,7
emporarily suspending the admissions program for refugees,Immigration,46,39,Morning Consult,Jan. 31 - Feb. 2,https://pro.morningconsult.com/analysis/elon-musk-donald-trump-polling-february-2025,7
Deporting international students in the U.S. accused of antisemitic behaviors in connection with protests over the war in Gaza,Civil rights,44,36,YouGov,Feb. 2 - Feb. 4,https://d3nkl3psvxxpe9.cloudfront.net/documents/econTabReport_FOXP71G.pdf,8
Allowing local law enforcement to arrest and detain immigrants without legal status,Immigration,48,39,Ipsos/NPR,Feb. 7 - 10,https://www.ipsos.com/sites/default/files/ct/news/documents/2025-02/NPR%20Immigration%20Topline%20February%202025.pdf,9
Giving legal status to undocumented or illegal immigrants brought to the U.S. as children ,Immigration,46,37,Ipsos/NPR,Feb. 7 - 10,https://www.ipsos.com/sites/default/files/ct/news/documents/2025-02/NPR%20Immigration%20Topline%20February%202025.pdf,9
"Support or oppose President Trump's executive order recognizing only two sexes, male and female, in the United States?",LGBT,57,48,Quinnipiac University,Feb. 13 - 17,https://poll.qu.edu/images/polling/us/us02192025_urxu99.pdf,9
"Trump offered a buyout package to nearly all federal workers who resign, in order to reduce the federal workforce",Executive,40,31,Navigator Research,Jan. 30 - Feb. 3,https://navigatorresearch.org/wp-content/uploads/2025/02/Navigator-Update-02.10.2025.pdf,9
Establishing the Department of Government Efficiency (DOGE),DOGE/Funding,46,36,Data for Progress,Jan. 24 - 26,https://www.dataforprogress.org/blog/2025/1/29/after-week-1-voters-have-a-slightly-favorable-view-of-trump-but-oppose-many-of-his-executive-orders,10
Sanctioning the International Criminal Court for improperly targeting the United States and Israel,Foreign policy,40,30,Morning Consult,Feb. 7 - 9,https://pro.morningconsult.com/analysis/congress-reconciliation-tax-cuts-polling,10
10% tariff on goods imported from China,Trade,51,40,Echelon Insights,Feb. 10 - 16,https://echelonin.wpenginepowered.com/wp-content/uploads/February-2025-Voter-Omnibus-Topline-External.pdf,11
"An executive order declaring an emergency at the U.S.-Mexico border, promising to deploy troops, construct additional border barriers, and implement mass deportations",Immigration,52,41,Co/efficient,Jan. 25 - 28,https://coefficient.org/post-inauguration-study/,11
Directing the attorney general to develop a full inventory of all civil-rights violations and controversies stemming from the Middle East-related protests,Civil rights,40,29,Morning Consult,Feb. 7 - 9,https://pro.morningconsult.com/analysis/congress-reconciliation-tax-cuts-polling,11
"An executive order halting refugee arrivals and suspending the U.S. Refugee Admission program, pending a review by the Department of Homeland Security",Immigration,50,38,Co/efficient,Jan. 25 - 28,https://coefficient.org/post-inauguration-study/,12
Building a wall or fence along the entire U.S.-Mexico border,Immigration,49,37,Ipsos/NPR,Feb. 7 - 10,https://www.ipsos.com/sites/default/files/ct/news/documents/2025-02/NPR%20Immigration%20Topline%20February%202025.pdf,12
Imposing tariffs on China,Trade,51,39,Echelon Insights,Feb. 10 - 24,https://echelonin.wpenginepowered.com/wp-content/uploads/February-2025-Voter-Omnibus-Topline-External.pdf,12
Make it easier to fire federal employees removing by removing job protections,Executive,44,32,TIPP Insights,Jan. 29 - 31,https://tippinsights.com/trumps-executive-orders-have-solid-voter-backing-i-i-tipp-poll/,12
the U.S. placing new tariffs on goods imported from China,Trade,56,44,YouGov/CBS News,Feb. 5 - 7,https://www.scribd.com/document/825874200/cbsnews-20250209-1#fullscreen&from_embed,12
"Trump has frozen foreign aid for almost every country, except Israel and Egypt",Foreign policy,42,30,Navigator Research,Jan. 30 - Feb. 3,https://navigatorresearch.org/wp-content/uploads/2025/02/Navigator-Update-02.10.2025.pdf,12
Federal government hiring freeze,Executive,49,36,RMG Research,Jan. 27 - 28,https://x.com/ScottWRasmussen/status/1884677895047831656,13
Trump declared a national energy emergency to increase the amount of drilling for oil and gas done in the U.S,Energy,45,32,Navigator Research,Jan. 30 - Feb. 3,https://navigatorresearch.org/wp-content/uploads/2025/02/Navigator-Update-02.10.2025.pdf,13
a 10% tariff on goods coming to the U.S. from China ,Trade,50,36,Cygnal,Feb. 4 - 5,https://www.cygn.al/wp-content/uploads/2025/02/22874-Cygnal-National-NVT-Feb25-Deck-Public.pdf,14
Banning TikTok unless the owner sells the company to Americans.,Other,50,36,Clarity Campaign Labs,Jan. 31 -  Feb. 6,https://static1.squarespace.com/static/61ae8d5e55be5c7314b4c83a/t/67aa57a7976e415c4d212706/1739216809584/Clarity+Omnibus+Overview+-+Jan_Feb+2025.pdf,14
Deport undocumented immigrant who have lived in the U.S. for less than 5 years,Immigration,55,41,Ipsos/Washington Post,Feb. 13 - 18 ,https://docs.google.com/spreadsheets/d/1kdcXmy8B1zajwnb6KUbZ-KxUixlTPoTY3Bg_Bfld0h0/edit?gid=0#gid=0,14
Pause for 75 days a law banning TikTok,Other,45,31,TIPP Insights,Jan. 29 - 31,https://tippinsights.com/trumps-executive-orders-have-solid-voter-backing-i-i-tipp-poll/,14
An executive order suspending the TikTok ban for 75 days to give the China-based parent company more time to find a U.S. buyer.,Other,46,31,Co/efficient,Jan. 25 - 28,https://coefficient.org/post-inauguration-study/,15
"Deporting all people residing in the country without legal status, including those that have not been accusedof any additional crimes.",Immigration,54,39,Clarity Campaign Labs,Jan. 31 -  Feb. 6,https://static1.squarespace.com/static/61ae8d5e55be5c7314b4c83a/t/67aa57a7976e415c4d212706/1739216809584/Clarity+Omnibus+Overview+-+Jan_Feb+2025.pdf,15
Tariff proposals as a negotiating tool to gain concessions from other countries on issues like immigration and fentanyl crossing the border?,Immigration,53,38,Echelon Insights,Feb. 10 - 23,https://echelonin.wpenginepowered.com/wp-content/uploads/February-2025-Voter-Omnibus-Topline-External.pdf,15
The actions taken thus far by the Trump Administration in relation to illegal immigration and border security?,Immigration,53,38,Cygnal,Feb. 4 - 5,https://www.cygn.al/wp-content/uploads/2025/02/22874-Cygnal-National-NVT-Feb25-Deck-Public.pdf,15
Do you support or oppose deporting all illegal immigrants currently living in the United States?,Immigration,55,39,Echelon Insights,Feb. 10 - 13,https://echelonin.wpenginepowered.com/wp-content/uploads/February-2025-Voter-Omnibus-Topline-External.pdf,16
"Freezing all U.S.- funded foreign assistance programs, with exceptions only for programs the federal government defines as ''life-saving humanitarian assistance''",Foreign policy,56,40,Ipsos,Jan. 31 - Feb. 2,https://www.ipsos.com/sites/default/files/ct/news/documents/2025-02/Reuters%20Ipsos%20Poll%20on%20Executive%20Orders%20February%202025.pdf,16
Eliminate the penny,Treasury/Monetary,46,29,Emerson College,Feb. 15 - 17,https://emersoncollegepolling.com/february-2025-national-poll-trump-presidential-approval-at-48-musk-doge-job-approval-at-41/,17
Imposing a 10% tariff on goods imported from China,Trade,50,33,YouGov,Feb. 12 - 14,https://d3nkl3psvxxpe9.cloudfront.net/documents/Tariffs_and_Trade_poll_results.pdf,17
Promoting the expansion of access to private school vouchers,Education,46,29,Morning Consult,Jan. 31 - Feb. 2,https://pro.morningconsult.com/analysis/elon-musk-donald-trump-polling-february-2025,17
Sending additional U.S. military forces to the U.S. border with Mexico,Immigration,58,41,Pew Research Center,Jan. 27 - Feb. 2,https://www.pewresearch.org/wp-content/uploads/sites/20/2025/02/PP_2024.7.2_views-of-trump_topline.pdf,17
Trump declared a national emergency at the border that would allow the DoD to deploy the military and National Guard to the border,Immigration,49,32,Navigator Research,Jan. 30 - Feb. 3,https://navigatorresearch.org/wp-content/uploads/2025/02/Navigator-Update-02.10.2025.pdf,17
Ban federal funding for gender identity programs and recognize only biological sex,LGBT,53,35,TIPP Insights,Jan. 29 - 31,https://tippinsights.com/trumps-executive-orders-have-solid-voter-backing-i-i-tipp-poll/,18
barring federal funding for facilities that provide hormone therapy or gender transitions for minors,LGBT,54,36,Echelon Insights,Feb. 10 - 15,https://echelonin.wpenginepowered.com/wp-content/uploads/February-2025-Voter-Omnibus-Topline-External.pdf,18
"Continue the tax changes Trump signed into law in 2017 that are expiring this year. That law cut tax rates for corporations and individuals, as well as increased tax deductions and family tax credits",Taxes,51,33,Fabrizio/Impact,Jan. 27 - Feb. 1,https://www.aarp.org/content/dam/aarp/research/topics/voter-opinion-research/politics/federal-tax-package-legislative-priorities.doi.10.26419-2fres.00921.001.pdf,18
President Trump’s executive order declaring migrant crossings along the U.S.-Mexico border to be a national emergency?,Immigration,59,41,Marquette University Law School,Jan. 27 - Feb. 5,https://law.marquette.edu/poll/wp-content/uploads/2025/02/MLSPSC24Toplines_NationalIssues.html,18
Review of U.S. funding and involvement in the United Nations,Foreign policy,49,31,Morning Consult,Feb. 7 - 9,https://pro.morningconsult.com/analysis/congress-reconciliation-tax-cuts-polling,18
The Trump administration's program to deport immigrants who are in the U.S illegally,Immigration,59,41,YouGov/CBS News,Feb. 5 - 7,https://www.scribd.com/document/825874200/cbsnews-20250209-1#fullscreen&from_embed,18
"Declaring a national emergency at the U.S.-Mexico border, allowing the Trump administration to use executive authority to fund the construction of the border wall and potentially to deploy the military and National Guard to theborder",Immigration,55,36,Data for Progress,Jan. 24 - 26,https://www.dataforprogress.org/blog/2025/1/29/after-week-1-voters-have-a-slightly-favorable-view-of-trump-but-oppose-many-of-his-executive-orders,19
Increasing efforts to deport people who are living in the U.S. illegally,Immigration,59,40,Pew Research Center,Jan. 27 - Feb. 2,https://www.pewresearch.org/wp-content/uploads/sites/20/2025/02/PP_2024.7.2_views-of-trump_topline.pdf,19
Speed up deportations of illegal immigrants,Immigration,54,35,TIPP Insights,Jan. 29 - 31,https://tippinsights.com/trumps-executive-orders-have-solid-voter-backing-i-i-tipp-poll/,19
Deporting immigrants who are living in the United States illegally back to their home countries,Immigration,60,40,Marquette University Law School,Jan. 27 - Feb. 5,https://law.marquette.edu/poll/wp-content/uploads/2025/02/MLSPSC24Toplines_NationalIssues.html,20
"Ending the so-called de minimis loophole, which allowed foreign companies to send cheap goods to the United States on a tax-free basis",Trade,48,28,Morning Consult,Feb. 14 - 16,https://pro.morningconsult.com/trackers/donald-trump-congress-policy-republicans-polling,20
Trump blocked taxpayer funds from being used for gender-affirming health care for transgender Americans,LGBT,51,31,Navigator Research,Jan. 30 - Feb. 3,https://navigatorresearch.org/wp-content/uploads/2025/02/Navigator-Update-02.10.2025.pdf,20
Trump delayed the ban on TikTok from going into effect for another 75 days,Other,43,23,Navigator Research,Jan. 30 - Feb. 3,https://navigatorresearch.org/wp-content/uploads/2025/02/Navigator-Update-02.10.2025.pdf,20
"An executive order requiring the U.S. government to use biological sex, male and female, on all official documents and government programs, instead of gender identity.",LGBT,56,35,Co/efficient,Jan. 25 - 28,https://coefficient.org/post-inauguration-study/,21
Trump ordered the federal government to recognize only two sexes across all of the federal government,LGBT,51,30,Navigator Research,Jan. 30 - Feb. 3,https://navigatorresearch.org/wp-content/uploads/2025/02/Navigator-Update-02.10.2025.pdf,21
Banning gender-affirming care for transgender people under 19,LGBT,54,32,YouGov,Feb. 11 - 14,https://d3nkl3psvxxpe9.cloudfront.net/documents/Policy_Support_poll_results.pdf,22
"Reinstating military service members who were discharged for refusing to take the COVID-19 vaccine during the pandemic, allowing those service members to receive full back pay, benefits, bonus payments, and compensation",Military/covid-19,59,37,Ipsos,Jan. 31 - Feb. 2,https://www.ipsos.com/sites/default/files/ct/news/documents/2025-02/Reuters%20Ipsos%20Poll%20on%20Executive%20Orders%20February%202025.pdf,22
Deploy the military to secure the southern border,Immigration,57,34,TIPP Insights,Jan. 29 - 31,https://tippinsights.com/trumps-executive-orders-have-solid-voter-backing-i-i-tipp-poll/,23
"Requiring transgender people to use bathrooms that match their sex assigned at birth, rather than their gender identity",LGBT,54,30,YouGov,Feb. 2 - Feb. 4,https://d3nkl3psvxxpe9.cloudfront.net/documents/econTabReport_FOXP71G.pdf,24
Downsizing the federal government,Executive,61,35,Ipsos,Jan. 24 - 26,https://www.ipsos.com/sites/default/files/ct/news/documents/2025-01/Ipsos%20Poll%20on%20New%20Executive%20Orders%20Topline%20January%202025.pdf,26
"President Trump’s executive order requiring federal agencies to recognize biological sex as male or female only, eliminate references to gender identity in policies, and require federal documents, such as passports, to reflect biological sex, not gender identity.",LGBT,63,37,Marquette University Law School,Jan. 27 - Feb. 5,https://law.marquette.edu/poll/wp-content/uploads/2025/02/MLSPSC24Toplines_NationalIssues.html,26
Banning transgender athletes from competing on girls' and women's sports teams by denying federal funds for schools that allow it,LGBT,57,30,Morning Consult,Feb. 7 - 9,https://pro.morningconsult.com/analysis/congress-reconciliation-tax-cuts-polling,27
Require federal workers to return to the office full-time,Executive,56,29,TIPP Insights,Jan. 29 - 31,https://tippinsights.com/trumps-executive-orders-have-solid-voter-backing-i-i-tipp-poll/,27
Deport undocumented immigrant who have been accused of committing non-violent crimes like shoplifting,Immigration,62,34,Ipsos/Washington Post,Feb. 13 - 18 ,https://docs.google.com/spreadsheets/d/1kdcXmy8B1zajwnb6KUbZ-KxUixlTPoTY3Bg_Bfld0h0/edit?gid=0#gid=0,28
Sending troops to the U.S.-Mexico border to stop migrants from crossing,Immigration,64,36,YouGov/CBS News,Feb. 5 - 7,https://www.scribd.com/document/825874200/cbsnews-20250209-1#fullscreen&from_embed,28
The federal government providing more water resources in Southern California by overriding state and local laws,Environment,62,34,Ipsos,Jan. 31 - Feb. 2,https://www.ipsos.com/sites/default/files/ct/news/documents/2025-02/Reuters%20Ipsos%20Poll%20on%20Executive%20Orders%20February%202025.pdf,28
An executive order reinstating Remain in Mexico policy which requires asylum seekers to wait in Mexico for their hearing in U.S. immigration court. ,Immigration,57,27,Co/efficient,Jan. 25 - 28,https://coefficient.org/post-inauguration-study/,30
Ending for-profit immigration detention centers,Immigration,51,19,Ipsos/NPR,Feb. 7 - 10,https://www.ipsos.com/sites/default/files/ct/news/documents/2025-02/NPR%20Immigration%20Topline%20February%202025.pdf,32
Rehiring U.S. military service members who were discharged for refusing to take the COVID-19 vaccine during the pandemic,Military/covid-19,59,26,Morning Consult,Jan. 31 - Feb. 2,https://pro.morningconsult.com/analysis/elon-musk-donald-trump-polling-february-2025,33
The federal government creating a council to investigate political bias at the Federal Emergency Management Agency (FEMA),Executive,64,31,Ipsos,Jan. 31 - Feb. 2,https://www.ipsos.com/sites/default/files/ct/news/documents/2025-02/Reuters%20Ipsos%20Poll%20on%20Executive%20Orders%20February%202025.pdf,33
barring biological males who identify as women from participating in women’s sports ,LGBT,65,28,Echelon Insights,Feb. 10 - 14,https://echelonin.wpenginepowered.com/wp-content/uploads/February-2025-Voter-Omnibus-Topline-External.pdf,37
Banning transgender athletes from participating in women’s sports,LGBT,64,26,YouGov,Feb. 9 - 11,https://d3nkl3psvxxpe9.cloudfront.net/documents/econtoplines_Z51qCJt.pdf,38
"Ordering government officials to label certain international drug cartels as ""foreign terrorist organizations,"" a designation which gives the administration more power to impose economic penalties and travel restrictions in the countries in which they operate, and even to take military action",Immigration,62,24,Data for Progress,Jan. 24 - 26,https://www.dataforprogress.org/blog/2025/1/29/after-week-1-voters-have-a-slightly-favorable-view-of-trump-but-oppose-many-of-his-executive-orders,38
"Donald Trump‘s executive order to declassify and make public the remaining files related to the assassinations of John F. Kennedy, Robert Kennedy, and Martin Luther King, Jr.?",Other,56,17,Cygnal,Feb. 4 - 5,https://www.cygn.al/wp-content/uploads/2025/02/22874-Cygnal-National-NVT-Feb25-Deck-Public.pdf,39
"Declassifying records related to the assassinations of President John F. Kennedy, Senator Robert F. Kennedy, and Reverend Dr. Martin Luther King Jr.",Other,73,23,Ipsos,Jan. 31 - Feb. 2,https://www.ipsos.com/sites/default/files/ct/news/documents/2025-02/Reuters%20Ipsos%20Poll%20on%20Executive%20Orders%20February%202025.pdf,50
Deport undocumented immigrants who have been accused of committing violent crime,Immigration,89,8,Ipsos/Washington Post,Feb. 13 - 18 ,https://docs.google.com/spreadsheets/d/1kdcXmy8B1zajwnb6KUbZ-KxUixlTPoTY3Bg_Bfld0h0/edit?gid=0#gid=0,81